transaction_id,transaction_type,transaction_status,transaction_timestamp,amount_value,amount_currency,sender_customer_id,sender_account_id,sender_account_type,sender_kyc_status,sender_account_age_days,device_type,device_os,app_version,ip_risk,sender_state,sender_city,receiver_type,receiver_bank,merchant_category,merchant_risk_level,payment_method,authorization_type,sender_txn_count_1min,sender_txn_count_10min,sender_amount_24hr,is_fraud,risk_score,fraud_reason_unusual_amount,fraud_reason_geo_distance_anomaly,fraud_reason_high_velocity,fraud_severity,flag_color
014537b3-d625-4363-afdb-3f53d7a98e94,1,1,2026-02-01T00:53:14.547108Z,9895,INR,CUST96457,ACC419543822,1,1,561,1,1,3.4.4,0,West Bengal,Kolkata,1,Canara,5,1,0,1,0,5,11865,0,0.196,0,0,0,0,0
2c10bd64-1c15-4020-a366-5a2243ceb2f5,1,1,2026-01-11T00:53:14.547887Z,3970,INR,CUST21007,ACC731517023,1,0,458,0,0,4.0.7,0,Uttar Pradesh,Lucknow,0,Kotak,6,1,1,2,0,2,12606,0,0.252,0,0,0,0,0
82139146-be9d-4b75-a8c0-f3c540707ab6,1,1,2026-01-10T00:53:14.546836Z,7036,INR,CUST15988,ACC271839478,1,1,456,1,1,4.3.5,1,Maharashtra,Pune,0,SBI,0,0,0,0,2,0,19136,0,0.266,0,0,0,0,0
7a9e6e13-32e5-4e93-82f9-76e42cda9633,0,1,2026-01-16T00:53:14.549200Z,52,INR,CUST48164,ACC200400585,0,0,96,0,1,4.7.1,0,Maharashtra,Mumbai,1,Canara,3,0,1,1,2,1,17436,0,0.088,0,0,0,0,0
bc248ad0-7122-4ae3-b190-a660c944a2dc,1,1,2026-01-10T00:53:14.547598Z,6983,INR,CUST75214,ACC718044471,0,1,773,1,2,4.1.5,0,Rajasthan,Jaipur,1,BOB,7,0,2,0,2,2,21709,0,0.282,0,0,0,0,0
895d9529-a27c-4bfa-a0e4-442a78a337b1,0,1,2026-01-20T00:53:14.546971Z,6888,INR,CUST95343,ACC187699423,0,1,238,0,2,4.5.7,0,Telangana,Hyderabad,1,IDBI,0,0,2,2,0,1,10660,0,0.239,0,0,0,0,0
73f2e5cf-c3dd-4196-8e50-b5cafe5ba324,0,1,2026-01-22T00:53:14.546486Z,9220,INR,CUST48557,ACC753652959,0,1,1212,0,2,1.5.2,1,Karnataka,Bangalore,1,ICICI,2,1,2,2,2,4,16073,0,0.079,0,0,0,0,0
00ec9ab9-6783-45eb-98f4-25dbe828bf4e,1,1,2026-01-09T00:53:14.551621Z,194133,INR,CUST79455,ACC711249930,0,1,343,1,0,4.8.5,1,Maharashtra,Mumbai,1,ICICI,1,2,2,0,5,38,467088,1,0.789,0,0,1,2,1
6edc1c1a-4abc-45ab-9e2e-51525875c170,1,1,2026-01-08T00:53:14.551855Z,75780,INR,CUST45305,ACC551520515,0,1,137,0,0,2.3.5,1,Telangana,Hyderabad,0,BOB,7,2,0,0,12,40,476794,1,0.931,1,1,1,1,1
cda1e79e-9c76-4544-bb77-5d83d99ae200,0,1,2026-02-02T00:53:14.550138Z,2418,INR,CUST44147,ACC517605385,1,0,1344,1,0,2.2.7,0,Karnataka,Bangalore,1,BOB,7,0,0,2,0,0,6746,0,0.265,0,0,0,0,0
35416443-a906-464e-b813-92d6fe1f600e,1,1,2026-01-18T00:53:14.548118Z,6135,INR,CUST88401,ACC286939672,0,0,663,0,1,1.0.1,0,Tamil Nadu,Chennai,1,ICICI,1,1,2,0,0,1,10582,0,0.251,0,0,0,0,0
ad6f81fd-149a-4910-9411-a5801222aa87,0,1,2026-01-15T00:53:14.548658Z,704,INR,CUST13659,ACC447170527,1,1,1508,0,0,4.1.8,1,West Bengal,Kolkata,1,PNB,5,0,0,2,2,5,8624,0,0.194,0,0,0,0,0
a282c8d0-b0c8-4b39-b7c1-e2a28ea50ef4,1,1,2026-01-13T00:53:14.547087Z,9436,INR,CUST74273,ACC186717230,1,0,1575,1,1,2.7.7,0,Delhi,Delhi,1,BOB,4,1,1,1,1,2,14135,0,0.193,0,0,0,0,0
f7c3c7f0-a95e-4ea3-ac1b-45f563d3110a,0,1,2026-02-03T00:53:14.546779Z,8251,INR,CUST36168,ACC947841948,1,1,1996,1,2,3.1.4,0,Maharashtra,Pune,1,PNB,7,0,1,1,1,5,20947,0,0.007,0,0,0,0,0
603ccbb4-355d-4217-9e8f-0b12dc2ce5f1,0,1,2026-01-08T00:53:14.549256Z,8322,INR,CUST28284,ACC940906253,0,0,269,0,1,3.1.2,0,West Bengal,Kolkata,1,SBI,5,0,2,2,1,1,3018,0,0.138,0,0,0,0,0
36d0ac78-f3e8-4d7c-9a22-f8c2c34ca56c,0,1,2026-01-05T00:53:14.547436Z,2885,INR,CUST19348,ACC781520851,0,0,1974,0,0,1.2.5,1,Tamil Nadu,Chennai,1,IDBI,4,0,0,1,2,1,23939,0,0.109,0,0,0,0,0
ac3be702-e614-42bf-b607-1f280c56a581,1,1,2026-01-15T00:53:14.551403Z,99112,INR,CUST85780,ACC680913076,0,0,199,1,0,4.0.7,2,Rajasthan,Jaipur,1,BOB,7,2,0,0,8,22,216403,1,0.687,0,0,0,2,1
3135c649-18fe-4602-9e02-3751eaad7f4a,1,1,2026-02-01T00:53:14.548925Z,1697,INR,CUST22676,ACC660353119,0,0,64,0,2,5.3.8,0,Gujarat,Ahmedabad,1,PNB,4,0,1,0,0,2,22174,0,0.03,0,0,0,0,0
81418d59-f3d8-4be4-a437-a0b827d02b95,0,1,2026-01-26T00:53:14.546874Z,3455,INR,CUST66777,ACC773403396,1,1,622,0,2,5.3.4,0,Uttar Pradesh,Lucknow,1,PNB,3,0,0,0,2,2,22482,0,0.125,0,0,0,0,0
e8d56092-e30d-43a0-a8a7-3cf1037d3837,0,1,2026-01-04T00:53:14.550835Z,2670,INR,CUST59757,ACC415138837,0,0,901,1,2,4.9.3,0,Uttar Pradesh,Kanpur,0,BOB,2,1,0,2,0,3,27180,0,0.347,0,0,0,0,0
8d578dd3-f7ae-4da4-a871-9426d47abc87,1,1,2026-01-19T00:53:14.548390Z,4191,INR,CUST78000,ACC892192606,1,0,1936,0,2,1.2.2,1,Uttar Pradesh,Kanpur,0,HDFC,0,0,0,1,2,2,20956,0,0.048,0,0,0,0,0
210d4b6d-35f7-4a1d-974d-4053254f2a8c,1,1,2026-01-30T00:53:14.548314Z,9725,INR,CUST47190,ACC173511111,1,1,1414,0,0,4.0.6,0,Uttar Pradesh,Kanpur,1,Canara,6,0,1,2,2,2,23425,0,0.138,0,0,0,0,0
f2d6d972-ecc1-424f-a266-4d9939799e91,1,1,2026-01-07T00:53:14.546408Z,1652,INR,CUST85049,ACC749877294,1,0,1081,0,1,3.7.1,0,Uttar Pradesh,Kanpur,1,Canara,0,0,0,0,0,0,19801,0,0.218,0,0,0,0,0
9f04c0a6-9108-4780-a723-e67a31a53a31,1,1,2026-01-13T00:53:14.550876Z,7212,INR,CUST30613,ACC717165644,1,0,482,0,2,3.1.3,1,Tamil Nadu,Chennai,1,Union,6,0,0,1,2,2,6432,0,0.021,0,0,0,0,0
5c318023-d118-4e28-983e-d22015737f91,0,1,2026-01-14T00:53:14.546389Z,8435,INR,CUST21435,ACC797897585,0,0,1353,0,1,1.6.6,0,Delhi,Delhi,1,Canara,2,0,0,1,1,0,28879,0,0.032,0,0,0,0,0
790f0fd4-d21f-45ef-9d92-922f67f46088,0,1,2026-01-05T00:53:14.551600Z,144184,INR,CUST26326,ACC708516116,0,0,213,1,1,1.7.2,1,Maharashtra,Mumbai,1,Canara,4,1,0,1,14,50,143636,1,0.9,1,1,1,1,1
196e83e2-f751-4ae3-8523-5f02d819af6c,0,1,2026-01-30T00:53:14.549003Z,6895,INR,CUST21791,ACC782544832,1,1,576,1,1,4.5.5,0,Uttar Pradesh,Lucknow,1,Canara,3,0,0,2,1,4,14930,0,0.329,0,0,0,0,0
31eaae0b-9a03-4695-9e24-66edf5b579d8,0,1,2026-01-27T00:53:14.549106Z,10165,INR,CUST57004,ACC924448041,1,0,671,0,1,5.1.6,0,Maharashtra,Pune,1,BOB,6,0,1,0,0,2,19305,0,0.025,0,0,0,0,0
88e3b5b4-6e07-400a-bf3c-13d529f7d7de,0,1,2026-01-17T00:53:14.547319Z,4887,INR,CUST71165,ACC261178897,1,0,1726,1,2,2.5.5,0,Maharashtra,Pune,0,PNB,5,0,1,1,2,0,21665,0,0.065,0,0,0,0,0
d4a501c9-5c00-4a97-accd-8137b1008577,1,1,2026-01-27T00:53:14.551276Z,133323,INR,CUST69600,ACC896341167,1,1,95,1,1,2.2.2,1,Maharashtra,Mumbai,1,IDBI,2,1,2,0,8,30,343087,1,0.822,0,1,1,1,1
05c74aee-a2ba-4a48-a579-ec6de1275a28,1,1,2026-01-07T00:53:14.549571Z,573,INR,CUST75031,ACC411077037,1,0,1892,0,1,4.7.7,0,Rajasthan,Jaipur,1,PNB,2,0,0,0,0,2,25324,0,0.121,0,0,0,0,0
17ac530d-2c5f-442a-9c59-94ce6edb7183,1,1,2026-01-04T00:53:14.550194Z,8852,INR,CUST29304,ACC983339305,1,0,1250,1,1,3.9.4,0,Uttar Pradesh,Lucknow,0,HDFC,1,0,0,0,0,2,26406,0,0.019,0,0,0,0,0
4f7dd493-e112-4395-b604-35be9f6818b7,0,1,2026-02-03T00:53:14.549429Z,13201,INR,CUST33210,ACC332129087,1,1,1784,0,0,3.7.9,1,Karnataka,Bangalore,0,Canara,3,1,1,2,0,0,2432,0,0.308,0,0,0,0,0
8f02f7f8-ec62-423a-9629-be759e4040de,1,1,2026-01-17T00:53:14.549525Z,13913,INR,CUST63895,ACC610238332,0,1,1334,1,0,5.5.6,0,Uttar Pradesh,Lucknow,0,IDBI,1,1,2,0,1,3,4406,0,0.065,0,0,0,0,0
27d1489a-6f96-4b7e-8804-76480d3eb706,0,1,2026-01-14T00:53:14.547617Z,10399,INR,CUST86445,ACC826346254,1,0,982,1,1,3.1.8,0,West Bengal,Kolkata,1,Union,3,0,1,1,1,5,3048,0,0.098,0,0,0,0,0
11896690-a014-4c49-bf99-bf4fbed0e4ed,0,1,2026-02-03T00:53:14.546115Z,8844,INR,CUST75061,ACC639255640,0,1,1608,0,2,3.9.7,0,Telangana,Hyderabad,1,BOB,0,0,0,0,2,3,19662,0,0.075,0,0,0,0,0
ca202eb6-99fd-4222-92d2-fbc34f03124b,1,1,2026-01-30T00:53:14.548195Z,2774,INR,CUST75503,ACC263547780,1,1,1091,1,2,1.9.3,0,Gujarat,Surat,1,SBI,4,1,1,1,0,1,10433,0,0.191,0,0,0,0,0
e8eb28f5-206a-4862-9d50-9de949ff4a60,0,1,2026-01-18T00:53:14.547867Z,6555,INR,CUST33465,ACC910742309,1,1,1801,0,1,1.9.8,0,Uttar Pradesh,Lucknow,0,Canara,4,1,1,2,0,2,24338,0,0.334,0,0,0,0,0
45181035-0b27-461d-88e3-5e4b60e1c695,0,1,2026-01-04T00:53:14.550714Z,7012,INR,CUST53819,ACC109444915,0,0,310,1,1,1.6.1,0,Gujarat,Ahmedabad,1,Union,5,0,0,2,1,4,4741,0,0.107,0,0,0,0,0
63c51cc7-f387-439c-a4f5-f73b4c23816b,0,1,2026-01-23T00:53:14.547636Z,183,INR,CUST10355,ACC278066848,1,1,1451,0,0,4.8.5,1,Maharashtra,Mumbai,0,PNB,0,0,1,2,0,1,8290,0,0.25,0,0,0,0,0
e33d4615-d0b7-4277-884f-c0fb9598a066,1,1,2026-01-08T00:53:14.550495Z,109,INR,CUST22967,ACC830217713,0,0,313,0,2,5.4.8,0,Delhi,Delhi,1,Union,5,1,1,1,2,3,4638,0,0.274,0,0,0,0,0
fef5a354-e56a-44fa-9280-f7eaf16ad22b,1,1,2026-02-02T00:53:14.546525Z,8991,INR,CUST42483,ACC896253245,1,0,876,0,1,5.0.4,0,West Bengal,Kolkata,0,Canara,5,0,0,2,2,3,25950,0,0.2,0,0,0,0,0
5b4ad419-d2a0-4fa9-bd36-cdc43b0e6ada,1,1,2026-01-16T00:53:14.545946Z,5934,INR,CUST52324,ACC571263600,0,0,1172,1,1,3.1.8,1,Telangana,Hyderabad,0,BOB,3,0,1,1,0,0,27561,0,0.088,0,0,0,0,0
cadb4657-c7d9-4d52-a2e8-d34d45f612de,1,1,2026-01-12T00:53:14.547764Z,7902,INR,CUST98890,ACC820651216,0,1,969,1,0,3.0.4,0,Uttar Pradesh,Kanpur,0,Union,4,0,2,0,2,1,5636,0,0.074,0,0,0,0,0
9fdf8e73-8663-46c3-acf1-143f9aed9a7c,0,1,2026-01-05T00:53:14.548638Z,138,INR,CUST12554,ACC402241499,0,0,1642,1,0,4.4.0,0,Tamil Nadu,Chennai,0,Kotak,3,1,1,2,1,2,4851,0,0.3,0,0,0,0,0
a3a3e344-e7f2-4f1d-abf9-adbdfe77147e,1,1,2026-01-14T00:53:14.546294Z,2377,INR,CUST60549,ACC374985587,1,0,1548,0,1,3.9.4,0,Gujarat,Surat,0,PNB,2,0,0,0,0,3,23419,0,0.238,0,0,0,0,0
c0a755cc-67b1-40cf-bdb7-bbfa99aa127a,1,1,2026-01-31T00:53:14.549783Z,11974,INR,CUST39387,ACC247269367,1,0,1561,0,1,1.2.7,0,Delhi,Delhi,0,Union,2,0,2,2,2,4,12650,0,0.028,0,0,0,0,0
af1da854-2be4-4b27-a04d-0da710429967,1,1,2026-01-29T00:53:14.551794Z,154160,INR,CUST83698,ACC794854403,1,1,222,0,0,1.4.4,2,Uttar Pradesh,Kanpur,0,BOB,3,1,2,1,12,48,432637,1,0.891,0,0,0,1,1
b30a7382-0c4e-4bcc-9887-bd8797e103f5,1,1,2026-01-26T00:53:14.548409Z,8900,INR,CUST33475,ACC832018921,1,1,747,1,1,4.2.5,1,Gujarat,Surat,1,PNB,2,0,2,2,2,1,21953,0,0.275,0,0,0,0,0
2ff2aa3c-373a-4f8c-b036-8e70f503a186,1,1,2026-01-11T00:53:14.550953Z,609,INR,CUST57611,ACC418785933,1,0,109,0,1,3.5.1,0,Delhi,Delhi,0,PNB,7,0,1,1,0,1,8191,0,0.34,0,0,0,0,0
32fd3273-825f-4980-bc37-3f8bb0508ebb,0,1,2026-01-25T00:53:14.547378Z,13944,INR,CUST90710,ACC509108340,0,0,783,0,1,4.9.0,0,Tamil Nadu,Chennai,1,IDBI,3,0,0,2,2,0,6019,0,0.265,0,0,0,0,0
ef120dee-b79c-48d1-942e-60c35a2435f0,0,1,2026-01-07T00:53:14.552006Z,177033,INR,CUST78585,ACC719056574,1,0,308,0,2,3.5.8,2,West Bengal,Kolkata,1,Kotak,7,2,2,0,15,15,449079,1,0.751,0,1,1,1,1
4a678b04-a144-4795-b096-783fe39ec2a1,1,1,2026-01-28T00:53:14.550934Z,10009,INR,CUST41521,ACC296857991,1,1,1399,1,0,5.0.5,0,Gujarat,Ahmedabad,1,SBI,4,0,0,1,0,0,10494,0,0.1,0,0,0,0,0
ddc245dd-d1af-4987-bbf0-94f616cf7d7d,0,1,2026-01-28T00:53:14.546236Z,3604,INR,CUST78302,ACC407569937,1,1,402,0,2,5.6.4,1,Uttar Pradesh,Kanpur,1,SBI,1,0,0,1,1,0,16736,0,0.325,0,0,0,0,0
61cdacce-747b-405c-b1cc-bc41100897f6,1,1,2026-01-17T00:53:14.549353Z,3550,INR,CUST61646,ACC548066146,1,0,1141,0,2,2.7.8,0,Gujarat,Ahmedabad,0,Union,3,0,0,2,2,5,4129,0,0.324,0,0,0,0,0
715814e1-7970-40e0-b282-e03ffb3a0bfd,1,1,2026-01-11T00:53:14.546256Z,11362,INR,CUST58364,ACC169368707,0,0,380,0,1,3.6.8,1,Delhi,Delhi,1,Kotak,3,0,1,2,0,3,1258,0,0.231,0,0,0,0,0
c24943a8-8f9e-4442-b3d2-db2108f02086,1,1,2026-01-31T00:53:14.551213Z,128651,INR,CUST96064,ACC315884704,1,0,353,0,1,2.3.3,1,Maharashtra,Pune,1,Union,0,2,1,1,14,49,149088,1,0.848,0,0,0,2,1
7c895c29-c4ad-4d6b-8748-6b283ea44167,0,1,2026-01-04T00:53:14.546951Z,3003,INR,CUST30447,ACC110981881,0,0,1542,1,1,1.2.2,0,Maharashtra,Mumbai,1,Axis,6,0,1,1,1,5,12719,0,0.042,0,0,0,0,0
6a408515-2749-4493-97de-7d51128bcc02,0,1,2026-01-17T00:53:14.548582Z,5559,INR,CUST34966,ACC580999034,0,0,1406,0,2,2.8.4,0,Rajasthan,Jaipur,0,SBI,7,0,0,2,0,3,20789,0,0.112,0,0,0,0,0
e7904a63-3091-43c0-b1e7-d0e2e23ce716,0,1,2026-01-08T00:53:14.549821Z,8971,INR,CUST71693,ACC368046631,1,0,292,1,0,1.2.2,1,Rajasthan,Jaipur,1,BOB,7,0,2,0,0,5,28962,0,0.206,0,0,0,0,0
c6e4eed3-b804-439b-9e82-92b540e0088f,1,1,2026-01-26T00:53:14.546564Z,8837,INR,CUST93002,ACC964937717,1,1,593,1,1,4.0.2,0,Karnataka,Bangalore,0,ICICI,7,1,1,1,0,3,18707,0,0.229,0,0,0,0,0
b3fb886a-bf0f-4737-9007-560840a4d41f,0,1,2026-01-20T00:53:14.550465Z,7787,INR,CUST69079,ACC817384607,1,1,402,0,0,1.3.6,0,Maharashtra,Pune,1,HDFC,7,0,0,1,1,1,3883,0,0.018,0,0,0,0,0
bea29814-149f-42ad-b41d-d8a16cef9e02,1,1,2026-01-09T00:53:14.547281Z,10580,INR,CUST26706,ACC833402477,1,0,671,0,1,4.6.7,0,Karnataka,Bangalore,1,Kotak,1,0,1,1,0,1,8095,0,0.032,0,0,0,0,0
acb6ab9b-71e1-454b-aa54-ed41e7d405e6,1,1,2026-02-02T00:53:14.549276Z,5039,INR,CUST85155,ACC271522115,1,0,1728,0,2,2.4.5,1,Rajasthan,Jaipur,0,SBI,0,0,0,2,2,0,5771,0,0.261,0,0,0,0,0
6f52b841-3f67-4291-b548-e5cdab4256de,1,1,2026-01-12T00:53:14.551424Z,154486,INR,CUST93520,ACC261440025,0,1,51,1,2,4.3.9,2,Gujarat,Surat,1,Kotak,1,1,1,1,15,29,465048,1,0.838,1,1,1,1,1
b2037936-e852-4b04-8835-9c1874836347,1,1,2026-01-13T00:53:14.548618Z,9038,INR,CUST86741,ACC721046725,0,1,206,0,1,4.2.8,0,Gujarat,Ahmedabad,0,IDBI,6,1,2,0,0,2,14879,0,0.348,0,0,0,0,0
09367b66-c198-414d-8871-20d14c02fba2,0,1,2026-02-03T00:53:14.546175Z,1332,INR,CUST59024,ACC273055110,0,1,1357,0,1,2.4.1,1,Rajasthan,Jaipur,0,BOB,6,1,2,1,2,1,2930,0,0.222,0,0,0,0,0
05e09180-0fbc-4364-a740-b6bee3eba568,0,1,2026-01-26T00:53:14.547787Z,3541,INR,CUST28377,ACC893389392,1,0,724,1,2,4.2.1,0,Gujarat,Ahmedabad,0,Canara,0,1,1,0,0,1,29133,0,0.269,0,0,0,0,0
d8d00379-736d-429d-9d38-57777b45fc0f,1,1,2026-01-10T00:53:14.546427Z,10230,INR,CUST90803,ACC254761020,0,1,47,0,0,3.7.3,0,Maharashtra,Mumbai,0,Axis,7,1,1,2,0,0,23311,0,0.254,0,0,0,0,0
6a0345c5-6922-4d0b-a008-8a431c68fc1c,0,1,2026-01-15T00:53:14.550580Z,13342,INR,CUST23924,ACC815373396,0,1,1575,1,1,5.0.8,1,Karnataka,Bangalore,0,ICICI,1,0,0,2,2,5,6544,0,0.338,0,0,0,0,0
b1be72e9-7d31-42c7-bdd1-6de505717b9f,1,1,2026-01-31T00:53:14.551297Z,195674,INR,CUST83966,ACC444288778,1,0,339,0,2,2.1.7,1,West Bengal,Kolkata,0,BOB,4,1,0,0,9,24,176635,1,0.693,0,1,1,1,1
df6296fe-43ff-47af-b823-3896a6c310f5,0,1,2026-01-12T00:53:14.551915Z,60081,INR,CUST74958,ACC734052106,0,0,51,0,2,2.3.9,1,Karnataka,Bangalore,1,Axis,1,1,1,2,13,36,141959,1,0.974,0,1,1,1,1
59c2d2ac-0db5-43fa-bd8e-3184f2f9a0d2,0,1,2026-01-17T00:53:14.550249Z,4039,INR,CUST82082,ACC944561168,0,1,1164,1,2,2.4.8,0,Telangana,Hyderabad,1,BOB,5,0,2,0,0,5,25400,0,0.094,0,0,0,0,0
af59c686-6236-4426-bbb8-26f5bbb0abe6,0,1,2026-01-26T00:53:14.548428Z,8000,INR,CUST49680,ACC978403825,0,1,346,0,1,2.5.8,0,Tamil Nadu,Chennai,1,SBI,6,0,1,0,2,2,28971,0,0.2,0,0,0,0,0
d4713e5c-15a0-42dc-a282-1dabfc0acf4a,0,1,2026-01-21T00:53:14.549996Z,6827,INR,CUST26680,ACC289105517,1,0,277,0,0,4.5.3,1,Telangana,Hyderabad,0,IDBI,1,1,1,2,0,2,20584,0,0.19,0,0,0,0,0
ead71733-dd08-4df7-9581-2a95e8bff843,0,1,2026-01-20T00:53:14.547806Z,2997,INR,CUST62738,ACC716799269,0,1,682,1,0,5.9.9,0,Rajasthan,Jaipur,0,ICICI,5,0,1,0,1,2,13072,0,0.22,0,0,0,0,0
78f14dab-ed78-488a-9cc7-812830b7a6d4,0,1,2026-01-30T00:53:14.549763Z,2928,INR,CUST51791,ACC169288524,1,0,1613,1,1,2.0.0,0,West Bengal,Kolkata,0,Union,3,0,2,2,2,0,10747,0,0.102,0,0,0,0,0
f65af245-5b5b-41ad-9fbd-07af36a6c2a3,0,1,2026-01-13T00:53:14.550268Z,1789,INR,CUST24384,ACC450740600,1,1,1732,1,1,4.1.3,0,West Bengal,Kolkata,0,HDFC,7,1,0,1,2,0,8820,0,0.209,0,0,0,0,0
53b374ba-8dc4-4ca5-a7fc-8d49d34b4421,1,1,2026-01-21T00:53:14.551772Z,76183,INR,CUST84075,ACC632538477,0,0,286,0,0,3.6.8,1,Telangana,Hyderabad,0,Kotak,1,1,2,1,11,28,123545,1,0.726,1,1,0,1,1
26edc6ae-b332-4271-a063-d3a876e069e2,1,1,2026-01-09T00:53:14.547127Z,14682,INR,CUST90920,ACC143424054,0,1,1175,0,0,1.8.2,0,Karnataka,Bangalore,0,Canara,7,0,0,1,1,0,21258,0,0.342,0,0,0,0,0
72c6b7cc-a13d-4692-aa36-2887353c89ca,1,1,2026-01-22T00:53:14.549840Z,11482,INR,CUST19516,ACC615585842,0,1,1809,1,0,4.5.4,0,Uttar Pradesh,Lucknow,1,Axis,5,0,2,2,2,4,22110,0,0.2,0,0,0,0,0
bd27566a-9985-47eb-bc82-2a5bcfbbd011,1,1,2026-01-12T00:53:14.547263Z,604,INR,CUST94836,ACC162968114,1,1,64,1,2,2.3.4,0,Karnataka,Bangalore,0,SBI,6,1,0,1,2,2,16452,0,0.081,0,0,0,0,0
1527f186-1b0b-4504-8b31-0b190f1eb119,1,1,2026-01-14T00:53:14.547847Z,5685,INR,CUST17058,ACC895875126,1,0,734,1,2,1.9.8,0,Gujarat,Surat,0,Axis,1,0,0,0,1,3,22201,0,0.019,0,0,0,0,0
e946de75-d708-4d4e-8000-f8e5cb36dd58,0,1,2026-01-19T00:53:14.550044Z,12760,INR,CUST49566,ACC890357293,1,0,1960,0,0,3.9.7,1,Tamil Nadu,Chennai,1,BOB,5,0,1,0,1,1,28757,0,0.028,0,0,0,0,0
00ed8e25-735e-4590-9e0e-e810f8e565f8,0,1,2026-02-03T00:53:14.550290Z,10913,INR,CUST90094,ACC957726246,0,1,942,0,2,4.2.0,0,Tamil Nadu,Chennai,0,Kotak,7,0,1,1,1,2,24058,0,0.052,0,0,0,0,0
e4bbaed0-2f83-4664-a8a6-ff531431c1b4,0,1,2026-01-25T00:53:14.548002Z,6272,INR,CUST31702,ACC638320831,0,0,803,0,0,1.5.2,0,Delhi,Delhi,0,BOB,5,0,1,0,0,0,27657,0,0.125,0,0,0,0,0
72186806-0ce7-4af2-bba9-9f31c82f70b8,1,1,2026-01-26T00:53:14.549628Z,8328,INR,CUST35258,ACC725733779,1,1,872,1,2,5.9.3,1,Gujarat,Ahmedabad,1,PNB,7,0,2,1,0,3,15026,0,0.16,0,0,0,0,0
5e26657b-2ff7-4be5-bd59-415e272fabf4,0,1,2026-01-16T00:53:14.547418Z,434,INR,CUST72508,ACC626503273,1,0,1020,0,2,4.3.8,0,West Bengal,Kolkata,1,Union,3,0,0,2,2,4,25207,0,0.115,0,0,0,0,0
690c6e29-563f-4cf0-88e7-e542f229ca34,0,1,2026-01-07T00:53:14.547224Z,1545,INR,CUST28590,ACC432031819,1,1,1823,1,2,3.6.2,0,Maharashtra,Mumbai,1,HDFC,1,0,2,0,2,4,6114,0,0.263,0,0,0,0,0
df648051-15b0-4b34-ab34-4ae4a0f23d5e,1,1,2026-01-22T00:53:14.547694Z,6952,INR,CUST95803,ACC148380266,0,0,1287,0,1,4.5.2,0,Gujarat,Surat,0,Axis,2,0,2,0,0,3,21258,0,0.157,0,0,0,0,0
b245405e-f136-4f2e-9fff-34104cb9cf8e,0,1,2026-01-19T00:53:14.550972Z,4937,INR,CUST56426,ACC543926497,0,0,1802,0,0,5.8.5,1,Delhi,Delhi,1,IDBI,2,0,0,1,0,5,23464,0,0.026,0,0,0,0,0
4967ad98-b22b-444f-b15a-84f47076f85f,0,1,2026-01-24T00:53:14.551464Z,138234,INR,CUST98781,ACC828226767,1,1,132,1,1,4.2.2,2,Maharashtra,Mumbai,0,HDFC,7,2,0,1,11,33,354598,1,0.683,0,0,1,1,1
8d7f7679-6435-44fa-9514-864b763e87c9,0,1,2026-01-11T00:53:14.551484Z,166393,INR,CUST91196,ACC860509047,0,0,206,0,0,2.7.7,1,Uttar Pradesh,Kanpur,1,BOB,0,1,0,0,15,36,120144,1,0.921,0,0,1,2,1
f442aa74-d3ab-447a-a086-2d4eb3b425e3,0,1,2026-01-07T00:53:14.550555Z,2703,INR,CUST41557,ACC113303942,1,0,1378,0,0,3.5.8,0,Karnataka,Bangalore,0,Canara,6,0,0,1,2,2,27821,0,0.041,0,0,0,0,0
3a483626-0086-4afd-92c4-65bb14b71952,1,1,2026-01-17T00:53:14.547905Z,11253,INR,CUST75091,ACC998866273,0,1,1482,0,0,1.2.0,0,Tamil Nadu,Chennai,1,Kotak,2,0,1,2,1,3,2324,0,0.311,0,0,0,0,0
93a317c6-bd59-4eaa-9da1-ea65f14b0df5,1,1,2026-02-01T00:53:14.546135Z,409,INR,CUST99780,ACC597083489,0,1,1689,1,2,4.1.1,0,Gujarat,Ahmedabad,1,Canara,0,0,0,0,0,3,22976,0,0.114,0,0,0,0,0
44d3d73c-1024-4bf7-bd30-782f2e76f738,1,1,2026-01-13T00:53:14.546013Z,10682,INR,CUST71037,ACC883108790,0,1,66,0,1,3.9.6,0,Tamil Nadu,Chennai,1,HDFC,4,0,1,1,2,2,26953,0,0.071,0,0,0,0,0
aa9e3173-eb2e-4a5a-86e3-bb8847dd9b08,0,1,2026-01-31T00:53:14.550600Z,7183,INR,CUST57842,ACC212238065,0,0,1755,1,1,1.7.9,1,Uttar Pradesh,Kanpur,0,IDBI,4,0,1,2,1,2,10369,0,0.062,0,0,0,0,0
6d315e0a-3967-484c-b82a-8b2cbf99a292,0,1,2026-01-05T00:53:14.550369Z,5219,INR,CUST91454,ACC204480048,1,1,138,1,1,4.0.8,0,Tamil Nadu,Chennai,1,SBI,6,0,1,0,2,0,16984,0,0.145,0,0,0,0,0
36fab499-ef39-4636-a6e9-dc9ee2e7332c,0,1,2026-01-18T00:53:14.547494Z,7472,INR,CUST37517,ACC914161879,0,1,109,1,2,2.3.2,0,Gujarat,Surat,0,BOB,6,1,1,2,2,1,16567,0,0.314,0,0,0,0,0
b2ccdad9-a5b4-4818-8bf2-c21b0e2dab6f,1,1,2026-01-06T00:53:14.546739Z,14681,INR,CUST51313,ACC713681165,0,0,1762,1,2,4.7.1,0,Gujarat,Ahmedabad,0,ICICI,2,0,0,0,1,3,15282,0,0.074,0,0,0,0,0
2b41388f-498a-4bc5-b957-02c7eda6dad7,1,1,2026-01-10T00:53:14.550175Z,7638,INR,CUST61943,ACC864105819,0,0,1092,1,0,3.6.2,0,Delhi,Delhi,0,PNB,6,0,2,0,2,3,25988,0,0.312,0,0,0,0,0
56aa52f4-5856-45c9-843c-87b1eff47178,0,1,2026-01-05T00:53:14.546313Z,14480,INR,CUST17918,ACC167582743,1,1,1845,0,0,1.8.1,0,Tamil Nadu,Chennai,1,PNB,1,0,2,1,2,3,6688,0,0.083,0,0,0,0,0
1d49c7f4-a255-4ba8-b4bb-608911de05ca,1,1,2026-01-25T00:53:14.550349Z,13885,INR,CUST48507,ACC734261166,1,1,1177,0,1,2.7.1,0,Maharashtra,Pune,1,SBI,2,0,2,0,0,0,3533,0,0.093,0,0,0,0,0
977a6986-d070-4d4e-8da2-649cbf8ce2e3,1,1,2026-01-05T00:53:14.548352Z,4135,INR,CUST58545,ACC516641031,0,0,1054,1,1,5.2.7,1,Maharashtra,Pune,0,BOB,1,0,2,2,2,5,15683,0,0.281,0,0,0,0,0
9755e245-a7fd-4a19-8df8-7c11d20d8b1d,0,1,2026-01-17T00:53:14.548214Z,11319,INR,CUST42807,ACC676737013,1,1,601,1,2,3.0.7,0,Delhi,Delhi,1,IDBI,2,0,1,0,0,1,1645,0,0.064,0,0,0,0,0
9e39aede-64f8-4b24-9372-9a3f3e10e281,1,1,2026-01-09T00:53:14.547397Z,13300,INR,CUST96282,ACC155967362,0,1,1130,1,0,5.4.2,1,Rajasthan,Jaipur,0,ICICI,2,0,2,0,0,3,534,0,0.146,0,0,0,0,0
3f7cca8e-5eb9-4cb5-b8b7-2fe3cc94b0c3,0,1,2026-01-23T00:53:14.551338Z,128207,INR,CUST88946,ACC238707233,0,0,62,0,2,1.1.4,1,Uttar Pradesh,Kanpur,0,Axis,7,2,1,2,11,26,392773,1,0.808,0,1,1,1,1
a6a17e2a-4500-48de-86f2-5bc54542b8dc,1,1,2026-01-31T00:53:14.551642Z,57822,INR,CUST35214,ACC511159131,1,0,19,1,0,2.0.4,1,Gujarat,Ahmedabad,1,Kotak,1,1,0,2,11,17,113825,1,0.924,0,1,0,2,1
4bf78c0a-4482-47e2-afd3-336baa752960,0,1,2026-01-19T00:53:14.546622Z,14264,INR,CUST22758,ACC298054157,1,1,834,1,1,4.4.3,0,Telangana,Hyderabad,1,Kotak,6,0,0,2,1,1,18904,0,0.299,0,0,0,0,0
49b6a44c-aa54-4a6f-8c6f-6bbb227e194d,1,1,2026-01-08T00:53:14.548487Z,2914,INR,CUST52859,ACC972390373,0,0,1502,0,2,2.5.4,0,Tamil Nadu,Chennai,1,Kotak,3,0,0,1,2,4,29910,0,0.203,0,0,0,0,0
094a4f6e-af95-4c54-b1e2-d733ae3c2de1,1,1,2026-01-19T00:53:14.547068Z,5103,INR,CUST83663,ACC107008097,0,0,364,1,0,2.1.0,0,Gujarat,Surat,1,Union,4,0,2,0,1,4,11687,0,0.026,0,0,0,0,0
9f194357-8308-4d09-a074-f84fb232beaf,1,1,2026-01-24T00:53:14.548563Z,11973,INR,CUST21895,ACC232369912,0,0,1705,0,0,4.2.8,0,West Bengal,Kolkata,0,IDBI,0,1,2,0,1,2,1941,0,0.255,0,0,0,0,0
feda8dd1-8fac-4efe-9307-4660fa6a11bb,1,1,2026-01-18T00:53:14.545859Z,4774,INR,CUST51577,ACC599389115,1,1,424,0,0,5.0.3,0,Karnataka,Bangalore,0,PNB,7,0,1,2,1,5,16975,0,0.168,0,0,0,0,0
d2d9e633-0ebe-41b7-a00b-aced60d8d41d,0,1,2026-01-05T00:53:14.551683Z,87804,INR,CUST62057,ACC493416790,0,1,83,0,0,1.2.2,2,Gujarat,Ahmedabad,1,HDFC,4,1,1,0,5,41,470531,1,0.772,0,0,0,1,1
cb8bae8b-59e9-4fd4-8517-3a21d594edaa,0,1,2026-01-19T00:53:14.546931Z,4322,INR,CUST82031,ACC450593050,0,0,1518,1,2,1.1.0,0,Gujarat,Surat,1,HDFC,1,0,2,2,1,1,10781,0,0.216,0,0,0,0,0
b3f6ca83-b612-4486-9be5-457845f85173,1,1,2026-01-04T00:53:14.551703Z,159504,INR,CUST21019,ACC812095636,0,0,212,0,0,2.0.6,2,Tamil Nadu,Chennai,0,IDBI,5,1,1,1,9,45,276720,1,0.95,0,0,0,1,1
d4271afe-f6d4-4799-ae48-3b5ee5fa29d8,0,1,2026-01-18T00:53:14.547962Z,12951,INR,CUST55995,ACC583400575,0,1,1654,1,1,5.6.1,0,Maharashtra,Mumbai,1,Kotak,0,1,2,0,2,2,27984,0,0.095,0,0,0,0,0
adb33912-9642-425c-ac48-a7e32a01725d,0,1,2026-01-17T00:53:14.550810Z,13049,INR,CUST47336,ACC779674507,0,1,1263,0,0,4.1.1,1,Tamil Nadu,Chennai,0,HDFC,5,1,2,0,0,2,7176,0,0.336,0,0,0,0,0
1f6c7a2c-f4fb-4165-a327-3c9a7fa29f35,0,1,2026-01-06T00:53:14.546912Z,14522,INR,CUST32912,ACC912464191,0,1,1552,0,0,5.2.2,1,Tamil Nadu,Chennai,1,Kotak,4,0,2,1,1,3,20271,0,0.311,0,0,0,0,0
cada98c5-a23b-4245-a9a1-bb2f2214332d,1,1,2026-01-29T00:53:14.548235Z,3563,INR,CUST41431,ACC898014446,0,0,1689,1,2,1.6.1,0,West Bengal,Kolkata,0,Kotak,3,1,1,1,0,5,29240,0,0.13,0,0,0,0,0
1e86dc4d-84e1-49e6-9ee0-1d1bd1c3c095,0,1,2026-01-31T00:53:14.549724Z,1177,INR,CUST25523,ACC976199063,0,1,317,1,2,2.9.9,1,Maharashtra,Mumbai,0,ICICI,2,1,0,0,0,1,20129,0,0.332,0,0,0,0,0
6a85863d-18d4-42ab-9418-59f76386b024,0,1,2026-01-24T00:53:14.549506Z,12565,INR,CUST96195,ACC678577712,0,0,1805,0,2,2.9.4,0,Maharashtra,Pune,1,Canara,1,0,0,0,1,4,23409,0,0.324,0,0,0,0,0
69ec5d0e-2012-4928-aa44-5bf1a185a13c,1,1,2026-02-01T00:53:14.549977Z,4113,INR,CUST94557,ACC788357357,0,1,1152,1,2,3.1.7,0,Maharashtra,Pune,0,ICICI,4,0,0,1,0,4,10311,0,0.015,0,0,0,0,0
4482e6b0-ec8f-4d70-b9ca-e9dc0f947462,0,1,2026-01-27T00:53:14.551730Z,93219,INR,CUST97431,ACC792218436,0,0,350,1,1,1.3.2,1,Gujarat,Ahmedabad,0,IDBI,3,2,1,0,9,27,297059,1,0.69,1,0,0,1,1
1275f76d-ee3f-4b3b-82ee-e9e185220e77,1,1,2026-01-12T00:53:14.548255Z,323,INR,CUST96759,ACC229656215,1,1,506,1,0,1.8.2,1,Uttar Pradesh,Lucknow,0,Axis,6,0,0,0,0,4,11829,0,0.159,0,0,0,0,0
7e61553a-652b-4dfb-84bd-c5528694497c,1,1,2026-01-18T00:53:14.547165Z,11948,INR,CUST11860,ACC746689046,0,0,407,1,2,5.1.6,1,Karnataka,Bangalore,0,Canara,4,0,2,0,2,5,19943,0,0.251,0,0,0,0,0
38b7b056-8766-4fa2-8c6e-cc19de126674,0,1,2026-01-08T00:53:14.549372Z,10722,INR,CUST48370,ACC153030084,1,1,1679,1,1,2.4.1,0,Delhi,Delhi,0,ICICI,1,0,2,2,2,3,7939,0,0.281,0,0,0,0,0
2585d9d4-7eca-499b-a0b8-956def1405fd,0,1,2026-01-27T00:53:14.549900Z,3125,INR,CUST68335,ACC654446173,1,1,758,0,2,1.0.9,0,West Bengal,Kolkata,1,ICICI,0,0,0,1,1,0,10702,0,0.299,0,0,0,0,0
875762d0-70e1-4941-b163-7a886d297c2c,1,1,2026-01-11T00:53:14.548333Z,4743,INR,CUST53788,ACC900335388,1,0,1202,0,0,1.5.0,0,Maharashtra,Pune,0,Canara,7,0,0,1,1,0,5123,0,0.052,0,0,0,0,0
4cdfdd20-9b5c-4690-917f-4aecf4ea0803,0,1,2026-01-20T00:53:14.546093Z,11645,INR,CUST67048,ACC220727279,0,0,1964,0,0,3.2.7,0,Rajasthan,Jaipur,0,Kotak,4,0,1,2,1,5,26091,0,0.346,0,0,0,0,0
d4e02050-166f-4a05-8023-b9cddd5e2c83,1,1,2026-01-08T00:53:14.546659Z,8971,INR,CUST87665,ACC364200209,1,0,1228,0,0,3.1.0,0,Maharashtra,Pune,1,Canara,5,0,0,0,0,4,12889,0,0.246,0,0,0,0,0
9fd73c4f-a848-48d0-b0ac-774b636a285d,0,1,2026-01-21T00:53:14.549744Z,5758,INR,CUST42401,ACC237519425,0,1,1794,0,1,5.0.1,1,West Bengal,Kolkata,0,SBI,6,0,2,2,0,5,10598,0,0.074,0,0,0,0,0
46524453-3531-4a79-b69f-d661ea6e01c2,0,1,2026-01-16T00:53:14.551029Z,9817,INR,CUST64680,ACC686734018,0,1,94,1,0,2.3.7,0,Uttar Pradesh,Kanpur,1,HDFC,1,0,0,1,2,1,28229,0,0.052,0,0,0,0,0
0b298e8e-19da-4aab-afe3-340491d3dcb2,0,1,2026-01-04T00:53:14.546604Z,12235,INR,CUST33745,ACC611767266,1,1,152,0,1,5.2.6,1,Tamil Nadu,Chennai,1,PNB,2,0,0,2,1,3,14053,0,0.259,0,0,0,0,0
9cc1a5f8-abcb-4db4-bb20-1544f7097cc6,1,1,2026-01-24T00:53:14.549162Z,1732,INR,CUST98892,ACC878592736,1,0,262,1,0,5.2.9,0,Tamil Nadu,Chennai,1,Canara,6,0,1,2,1,0,2787,0,0.179,0,0,0,0,0
5d47cd19-1e29-4854-bd50-803294f649f6,0,1,2026-01-11T00:53:14.548448Z,7674,INR,CUST48962,ACC568764008,0,1,36,0,2,2.4.8,0,Gujarat,Surat,1,ICICI,4,0,1,2,1,1,21232,0,0.299,0,0,0,0,0
bc7e2ea2-105f-4f6d-8448-03481c5bdfaf,1,1,2026-01-31T00:53:14.551526Z,166096,INR,CUST71931,ACC269721124,1,0,63,0,1,5.6.2,2,Uttar Pradesh,Lucknow,0,IDBI,5,1,0,1,12,30,333324,1,0.729,0,0,0,2,1
02a7d9a1-292e-4fdf-b6b2-f825ef0884da,0,1,2026-01-17T00:53:14.546275Z,11607,INR,CUST55689,ACC848761652,0,1,1488,0,1,3.9.0,0,Maharashtra,Pune,1,Canara,5,0,1,2,1,4,26507,0,0.328,0,0,0,0,0
ff82b71e-556d-4a31-958c-af01e265f379,0,1,2026-01-08T00:53:14.551751Z,85564,INR,CUST83032,ACC475017538,0,0,184,1,1,2.9.8,2,Maharashtra,Pune,1,Canara,3,2,0,0,12,29,405175,1,0.773,0,1,0,1,1
32ff077c-e65f-405c-83cb-6b7320601e78,0,1,2026-01-06T00:53:14.549487Z,7062,INR,CUST84499,ACC534170534,1,1,1175,0,1,3.9.1,0,Delhi,Delhi,1,IDBI,5,0,2,1,2,0,19380,0,0.128,0,0,0,0,0
15ba9475-30f0-43d8-bc05-23168afea704,1,1,2026-01-13T00:53:14.548176Z,14969,INR,CUST20053,ACC468562440,1,0,1709,0,2,2.0.3,1,Rajasthan,Jaipur,1,Kotak,6,0,1,1,1,5,4259,0,0.031,0,0,0,0,0
acbb54e9-6172-45d7-b8db-a29836b01e1e,0,1,2026-01-22T00:53:14.550119Z,1662,INR,CUST74778,ACC646804850,0,0,1338,1,1,1.4.5,1,Maharashtra,Mumbai,0,BOB,5,0,2,0,0,2,8861,0,0.023,0,0,0,0,0
d4146de9-0b48-40e3-b336-bd615e9757ea,1,1,2026-01-13T00:53:14.548061Z,3111,INR,CUST28345,ACC563501301,0,0,732,1,2,5.6.7,0,Maharashtra,Pune,0,IDBI,3,0,1,1,0,2,12542,0,0.161,0,0,0,0,0
b9e0105e-779e-4abf-9c06-3ba01c237627,1,1,2026-01-25T00:53:14.546798Z,3412,INR,CUST23444,ACC964481314,1,0,1448,0,1,4.7.8,0,Telangana,Hyderabad,1,BOB,2,0,2,0,2,1,5770,0,0.254,0,0,0,0,0
24b04d8f-21c4-4c70-8ae5-976c92304c2f,0,1,2026-01-19T00:53:14.547030Z,12277,INR,CUST61737,ACC604838863,1,0,48,1,2,1.9.8,1,Tamil Nadu,Chennai,1,BOB,2,0,0,0,2,1,7096,0,0.089,0,0,0,0,0
ed820a71-9fc7-414f-903b-6ffb98e1dd41,0,1,2026-01-31T00:53:14.546505Z,2604,INR,CUST19597,ACC149288164,0,1,836,1,1,2.9.5,1,Telangana,Hyderabad,0,Union,3,0,0,1,0,3,16334,0,0.215,0,0,0,0,0
bbbe0d1e-c006-4a6d-963a-3818c1ec3426,1,1,2026-01-07T00:53:14.551053Z,192255,INR,CUST96216,ACC187820058,0,0,382,1,2,3.8.2,2,West Bengal,Kolkata,1,HDFC,7,2,0,0,15,16,473507,1,0.686,0,1,0,2,1
e314f698-e6e3-4cfa-962f-7449cb5fec6d,0,1,2026-01-15T00:53:14.551010Z,12741,INR,CUST73406,ACC275941757,1,1,1199,1,2,4.2.7,0,Gujarat,Surat,1,HDFC,7,0,0,2,2,1,15512,0,0.061,0,0,0,0,0
c8e17448-af1b-4f22-9d67-99766b9fc0e4,1,1,2026-01-04T00:53:14.547300Z,14258,INR,CUST68431,ACC464157933,0,0,134,1,0,3.3.9,0,Tamil Nadu,Chennai,1,BOB,1,0,1,1,2,4,1314,0,0.196,0,0,0,0,0
05d8db02-4bb4-4ae6-8729-19e48922595c,0,1,2026-01-21T00:53:14.548275Z,12316,INR,CUST10112,ACC478871036,1,0,1519,1,0,5.6.4,1,Maharashtra,Pune,0,Kotak,1,0,2,1,1,4,16601,0,0.23,0,0,0,0,0
48db5470-ada5-4257-9381-28edd116ce1d,0,1,2026-01-23T00:53:14.550620Z,4897,INR,CUST81045,ACC727457240,0,1,280,0,2,2.7.9,0,Telangana,Hyderabad,0,PNB,0,0,1,1,1,4,22346,0,0.296,0,0,0,0,0
dbfdf7da-f299-4e52-a86d-c08e15dc31c2,1,1,2026-01-20T00:53:14.549956Z,7389,INR,CUST97087,ACC953480902,0,1,1195,1,1,3.9.3,1,West Bengal,Kolkata,1,HDFC,0,0,1,2,0,5,9428,0,0.21,0,0,0,0,0
3e5869c1-dc48-4563-aa7b-5b37eab291c8,1,1,2026-01-19T00:53:14.551381Z,115736,INR,CUST10460,ACC372265714,0,1,64,1,1,2.5.9,1,Maharashtra,Pune,0,Union,2,1,2,0,15,44,275899,1,0.94,1,1,0,2,1
a898570f-0abc-4786-84ca-9aac9c3477ce,0,1,2026-01-25T00:53:14.548716Z,2205,INR,CUST40367,ACC657882101,0,1,792,1,2,4.2.4,0,Gujarat,Ahmedabad,1,IDBI,2,0,2,2,2,5,15209,0,0.19,0,0,0,0,0
c5213ee4-4afb-4c13-a2d5-c5379814a317,1,1,2026-01-20T00:53:14.549296Z,13001,INR,CUST50208,ACC254763182,0,0,781,1,1,5.7.7,0,Delhi,Delhi,0,Kotak,5,0,0,0,0,0,9314,0,0.019,0,0,0,0,0
bfffd554-fe64-429e-8b6c-bbc7e37b5947,1,1,2026-01-04T00:53:14.548042Z,11845,INR,CUST36447,ACC258374909,1,0,1120,0,1,3.2.5,0,West Bengal,Kolkata,1,ICICI,7,0,1,1,1,0,12825,0,0.161,0,0,0,0,0
ebe0c0c1-071c-4a6a-86dc-f3e6c2ef01c3,0,1,2026-01-26T00:53:14.547924Z,14660,INR,CUST60061,ACC606657599,1,0,1729,1,1,2.0.4,1,Gujarat,Surat,1,PNB,6,0,0,2,0,2,525,0,0.34,0,0,0,0,0
663e743f-baa4-4b5c-ba79-150bdfb73d56,1,1,2026-01-21T00:53:14.548754Z,12180,INR,CUST43878,ACC177637790,1,1,1858,1,1,4.3.4,0,Tamil Nadu,Chennai,1,Kotak,2,0,0,0,2,0,16025,0,0.15,0,0,0,0,0
63c52bfd-738e-4574-8e13-99a996a6fcb3,0,1,2026-01-28T00:53:14.545968Z,10451,INR,CUST53201,ACC887241734,0,1,985,0,1,1.0.5,0,Tamil Nadu,Chennai,0,Axis,7,1,0,1,1,0,8666,0,0.224,0,0,0,0,0
bc73ad0e-f09f-488a-a73c-add534ba1def,1,1,2026-01-27T00:53:14.551662Z,63633,INR,CUST18012,ACC870144909,1,1,449,1,2,2.5.6,2,Maharashtra,Pune,0,Union,7,2,1,0,9,39,276880,1,0.966,1,1,0,1,1
bae8ed44-0729-479b-84b1-2e486f14ee34,0,1,2026-01-06T00:53:14.546679Z,13257,INR,CUST78372,ACC884410117,0,0,163,0,0,5.0.8,0,Maharashtra,Mumbai,0,BOB,1,0,2,0,0,2,4948,0,0.316,0,0,0,0,0
0ddfd8e9-99a5-4feb-86c0-1d28d87ef782,1,1,2026-01-28T00:53:14.551173Z,77100,INR,CUST40005,ACC852700249,0,1,474,1,2,5.1.7,2,West Bengal,Kolkata,1,Axis,2,1,2,2,15,44,233150,1,0.912,0,0,0,1,1
f37d7990-eb8c-4294-b02c-629a71ab1c19,1,1,2026-01-10T00:53:14.551875Z,134535,INR,CUST75013,ACC676290653,0,0,354,1,0,5.2.0,1,Uttar Pradesh,Kanpur,0,BOB,4,1,2,0,10,43,417673,1,0.767,0,0,1,1,1
a451afa9-0469-4386-8a22-81770fa07054,0,1,2026-01-08T00:53:14.546717Z,8933,INR,CUST93698,ACC927326501,1,0,1149,0,0,3.4.9,0,Uttar Pradesh,Lucknow,1,Axis,1,1,0,1,2,5,17047,0,0.013,0,0,0,0,0
205fd4fb-3b50-4876-9c51-1af74aa1f904,0,1,2026-01-15T00:53:14.547474Z,4325,INR,CUST21203,ACC312989517,0,1,1017,0,0,4.6.7,0,Karnataka,Bangalore,1,Union,1,0,0,1,2,0,6370,0,0.092,0,0,0,0,0
c7827b8e-038d-46a2-8632-380e6273bcc7,0,1,2026-01-26T00:53:14.547982Z,10642,INR,CUST27751,ACC910685952,1,0,1198,0,2,2.6.4,0,Maharashtra,Pune,0,SBI,1,0,0,2,0,4,14900,0,0.06,0,0,0,0,0
0c295aa6-1393-4c91-8733-89b063661327,1,1,2026-01-11T00:53:14.549144Z,4984,INR,CUST16843,ACC877406389,0,1,1220,1,2,1.4.1,0,Telangana,Hyderabad,0,Union,2,0,2,1,0,2,12417,0,0.153,0,0,0,0,0
54809af6-5577-4277-9b2b-7de8248b31a1,0,1,2026-02-01T00:53:14.549315Z,3938,INR,CUST51556,ACC856615672,0,0,890,0,0,1.0.9,1,Delhi,Delhi,1,Union,7,0,1,0,0,2,19314,0,0.043,0,0,0,0,0
e4bd76dd-e25e-4b10-8e48-b132b76c3264,0,1,2026-01-20T00:53:14.546759Z,13971,INR,CUST86914,ACC418529916,1,1,813,0,1,5.8.9,1,Telangana,Hyderabad,0,SBI,4,1,1,2,2,4,1618,0,0.078,0,0,0,0,0
4b767374-78fa-44f0-a439-6857d222502c,1,1,2026-01-31T00:53:14.546033Z,14127,INR,CUST80018,ACC583524214,0,0,1802,0,1,3.0.2,0,Maharashtra,Pune,0,Union,3,0,0,2,0,4,20572,0,0.345,0,0,0,0,0
4c7cc13d-b23b-4e56-9575-f16da7ea1020,0,1,2026-01-25T00:53:14.549334Z,5039,INR,CUST66465,ACC997038980,0,1,1982,1,1,5.9.4,0,Maharashtra,Pune,0,BOB,0,0,1,2,1,1,12497,0,0.103,0,0,0,0,0
daf3dac7-2198-4325-8665-90e0faa53b82,0,1,2026-01-06T00:53:14.549237Z,10033,INR,CUST75029,ACC626442512,0,0,436,1,1,3.9.5,0,Karnataka,Bangalore,1,SBI,6,1,0,2,1,5,12773,0,0.347,0,0,0,0,0
8ae6783a-647e-4c01-a5ab-e776bb6cf180,1,1,2026-01-29T00:53:14.546073Z,4743,INR,CUST39423,ACC275183440,1,1,1569,0,0,4.2.0,0,Telangana,Hyderabad,1,HDFC,4,0,0,2,0,5,22625,0,0.158,0,0,0,0,0
d58e622a-a616-4fa2-abfc-a60f50d66e12,0,1,2026-01-09T00:53:14.548544Z,14678,INR,CUST48135,ACC656898093,1,0,999,1,2,3.1.1,0,Gujarat,Surat,0,PNB,1,0,1,0,1,5,18576,0,0.316,0,0,0,0,0
59bb53b6-0c1b-47a0-a03e-a33c04bc6aae,1,1,2026-01-20T00:53:14.550079Z,11839,INR,CUST76800,ACC614274179,1,1,1555,0,0,4.1.4,1,Gujarat,Ahmedabad,0,HDFC,2,0,1,0,1,0,19794,0,0.275,0,0,0,0,0
5dd8c5c7-9d8c-4ccd-8538-fcf9973920a0,1,1,2026-01-15T00:53:14.550099Z,14296,INR,CUST88851,ACC548224387,1,1,1565,1,2,3.0.6,0,West Bengal,Kolkata,1,HDFC,0,0,2,2,0,2,26663,0,0.116,0,0,0,0,0
158c237b-5bde-4570-990c-5c287d9676d9,0,1,2026-01-11T00:53:14.547012Z,2637,INR,CUST52857,ACC596915837,0,0,1067,0,0,2.2.1,0,Tamil Nadu,Chennai,1,PNB,1,0,0,0,2,5,14510,0,0.046,0,0,0,0,0
5a71a282-552c-446a-a3c3-239a9b196643,1,1,2026-02-02T00:53:14.547146Z,5923,INR,CUST41011,ACC495980748,0,0,786,0,0,2.0.2,1,Maharashtra,Mumbai,0,SBI,3,0,2,1,0,1,20576,0,0.185,0,0,0,0,0
7fdd3b96-821e-4e44-a2bf-29d31264eb27,0,1,2026-01-14T00:53:14.551834Z,190970,INR,CUST13919,ACC409651511,1,0,167,0,1,1.8.3,1,Tamil Nadu,Chennai,1,IDBI,1,1,0,0,7,47,280571,1,0.95,0,0,1,1,1
5a780993-436e-427b-ad10-a172941aa5f0,0,1,2026-01-24T00:53:14.548600Z,7164,INR,CUST74061,ACC801607896,0,1,1140,1,0,5.3.2,0,Gujarat,Surat,0,HDFC,1,0,1,2,1,0,496,0,0.23,0,0,0,0,0
8e49c5c9-2169-44cc-aa75-fde797764e79,0,1,2026-01-26T00:53:14.546194Z,4936,INR,CUST54649,ACC176657352,1,1,1485,0,0,5.5.3,0,Uttar Pradesh,Kanpur,0,PNB,6,0,0,2,2,1,3222,0,0.213,0,0,0,0,0
bbf6bb33-b659-4b4a-8e38-291a98e41b09,1,1,2026-01-08T00:53:14.546585Z,8708,INR,CUST14229,ACC381959167,1,1,1472,0,2,2.3.4,0,Tamil Nadu,Chennai,1,ICICI,2,0,2,2,0,2,27158,0,0.313,0,0,0,0,0
b436f8f3-0481-4eaa-ba26-fb453fe76288,1,1,2026-01-30T00:53:14.551129Z,171213,INR,CUST76318,ACC734655950,0,0,342,0,0,2.3.6,2,Gujarat,Ahmedabad,0,Kotak,5,1,2,2,15,35,278104,1,0.891,1,0,0,2,1
ddd1fada-f8bb-4c55-b56e-9c4d9c476a78,1,1,2026-01-06T00:53:14.550771Z,3348,INR,CUST77460,ACC733228587,0,0,1297,1,2,2.2.1,0,Maharashtra,Mumbai,0,IDBI,1,0,0,0,1,2,12330,0,0.178,0,0,0,0,0
bf708813-6208-4c77-b14f-a5c986215997,1,1,2026-01-19T00:53:14.550527Z,9628,INR,CUST91587,ACC723918072,1,0,767,1,2,3.7.5,0,Telangana,Hyderabad,1,PNB,7,0,0,1,2,3,13835,0,0.011,0,0,0,0,0
e568d327-3b49-485d-b877-56d0a553aa5e,1,1,2026-01-08T00:53:14.548099Z,7601,INR,CUST79572,ACC736612019,1,1,1076,1,2,3.2.8,0,Gujarat,Surat,1,ICICI,2,0,2,2,2,4,21422,0,0.24,0,0,0,0,0
475a94b9-d5dd-420c-939c-82e57da22cc0,1,1,2026-02-01T00:53:14.551959Z,127843,INR,CUST23943,ACC796805007,1,0,177,0,2,4.6.3,1,Uttar Pradesh,Kanpur,1,Kotak,0,2,2,2,10,29,187893,1,0.894,1,1,0,1,1
1c82eb77-d68e-4d79-931d-31d49bb8d2b7,0,1,2026-02-01T00:53:14.551150Z,154548,INR,CUST75591,ACC355536596,1,0,317,0,0,3.4.3,2,Gujarat,Surat,0,ICICI,0,1,1,2,8,26,275675,1,0.875,0,1,1,1,1
9f50d5a4-bc35-4cea-b83a-162a72de5a1c,0,1,2026-02-03T00:53:14.550329Z,11576,INR,CUST88956,ACC229360915,0,0,301,0,0,3.0.8,1,Gujarat,Surat,0,Axis,4,0,1,0,2,4,633,0,0.011,0,0,0,0,0
6a7a9c8d-1eb4-4d53-83ec-7da02ea6b95b,0,1,2026-01-21T00:53:14.549467Z,8493,INR,CUST38114,ACC379721350,1,1,1704,0,1,4.2.7,0,Delhi,Delhi,0,Canara,7,0,1,2,0,4,15319,0,0.053,0,0,0,0,0
dab1ee38-3794-40fe-96db-38fa30dfa72a,0,1,2026-01-18T00:53:14.549685Z,8810,INR,CUST27577,ACC138165542,1,0,53,1,1,5.7.6,0,Delhi,Delhi,0,Axis,6,0,0,1,0,4,24292,0,0.084,0,0,0,0,0
013de15d-ab8c-4d77-b7b4-eccedc6bf667,0,1,2026-01-09T00:53:14.548525Z,10948,INR,CUST91266,ACC796055216,1,1,1183,0,2,2.5.6,0,Uttar Pradesh,Kanpur,0,IDBI,6,0,0,1,0,4,16381,0,0.065,0,0,0,0,0
4dac296d-9b49-438f-b146-bb3d900bde95,0,1,2026-01-28T00:53:14.547049Z,755,INR,CUST75171,ACC810447944,0,0,1496,1,0,2.0.0,1,Rajasthan,Jaipur,0,SBI,0,0,1,1,0,4,11936,0,0.328,0,0,0,0,0
342834d6-e4d2-44b8-bd1a-db45e3d474b6,1,1,2026-01-20T00:53:14.551983Z,70884,INR,CUST23402,ACC546800575,0,0,75,0,1,2.5.7,1,Gujarat,Surat,0,BOB,4,1,2,1,11,47,460326,1,0.692,1,1,1,2,1
1d8e9f6d-ab7f-43e9-90b4-ed32938a7465,1,1,2026-01-27T00:53:14.548137Z,6742,INR,CUST87564,ACC265925122,1,1,1102,1,1,1.3.0,1,Tamil Nadu,Chennai,1,BOB,1,0,2,1,0,1,9071,0,0.071,0,0,0,0,0
9542645e-f085-4e24-8fa6-1ad345f3dcae,1,1,2026-01-28T00:53:14.551444Z,127271,INR,CUST35960,ACC450749466,1,1,242,1,0,2.6.8,1,Karnataka,Bangalore,1,IDBI,5,1,2,1,8,48,302700,1,0.708,0,0,0,2,1
37614f2f-1a39-4c98-8b29-493250b0a36c,0,1,2026-01-15T00:53:14.550695Z,9583,INR,CUST85042,ACC511567679,1,1,43,0,0,1.2.6,0,Tamil Nadu,Chennai,0,BOB,2,0,0,1,1,2,11219,0,0.256,0,0,0,0,0
2b1f1e89-0c4a-46f1-aa0a-adf16f84c80a,1,1,2026-01-26T00:53:14.550639Z,10429,INR,CUST28095,ACC445613736,0,1,1036,0,1,2.6.6,1,Gujarat,Ahmedabad,1,ICICI,5,1,1,2,1,0,19579,0,0.212,0,0,0,0,0
09fcafe5-a122-47f9-9f93-4958485990b4,0,1,2026-01-31T00:53:14.548817Z,1645,INR,CUST82176,ACC379663864,1,0,464,0,2,5.6.9,0,Gujarat,Ahmedabad,1,Union,6,0,2,1,2,1,459,0,0.26,0,0,0,0,0
2a90db77-e0b0-4c9e-87de-72bc43f65c41,0,1,2026-01-10T00:53:14.549392Z,127,INR,CUST98328,ACC611256147,1,1,327,0,1,5.8.5,0,West Bengal,Kolkata,1,HDFC,7,1,1,0,1,4,24009,0,0.058,0,0,0,0,0
1e198e67-1e4e-4e05-bf1b-0e4554bfe673,1,1,2026-01-30T00:53:14.549410Z,4510,INR,CUST73498,ACC432531136,0,0,713,1,1,3.5.4,0,Maharashtra,Pune,0,ICICI,4,1,2,1,2,1,23574,0,0.059,0,0,0,0,0
ee901bde-5f24-4036-8b0a-41586694f76c,1,1,2026-01-19T00:53:14.548776Z,5590,INR,CUST27009,ACC835470109,0,1,457,0,2,1.3.6,0,Delhi,Delhi,0,SBI,3,0,0,1,2,3,20311,0,0.016,0,0,0,0,0
f0d65c1c-e91c-4978-93b1-ef227b6e057b,0,1,2026-01-26T00:53:14.551814Z,159234,INR,CUST26356,ACC364622221,1,0,436,1,0,4.5.2,1,Uttar Pradesh,Kanpur,1,BOB,6,1,1,1,11,30,416117,1,0.927,0,0,1,1,1
5b1e5b02-3cad-477d-a7b1-4328bf3af20e,0,1,2026-01-12T00:53:14.551506Z,190299,INR,CUST50053,ACC753671653,0,1,80,0,0,1.0.6,2,Maharashtra,Pune,1,Axis,1,1,2,1,9,40,114649,1,0.717,1,0,0,2,1
91fefe63-791b-4cdb-b9cb-824e0325bc1a,0,1,2026-01-09T00:53:14.547656Z,11792,INR,CUST58570,ACC371522053,1,1,172,1,0,3.4.8,0,Uttar Pradesh,Lucknow,0,HDFC,7,0,1,0,1,4,3827,0,0.235,0,0,0,0,0
1f5ff4df-781e-4fdc-a7dd-43e820148d14,0,1,2026-01-29T00:53:14.546053Z,1117,INR,CUST93202,ACC366346314,0,1,897,1,2,4.4.5,0,Telangana,Hyderabad,1,PNB,2,1,0,0,2,2,7448,0,0.117,0,0,0,0,0
89004c94-4687-471e-aeeb-6851c34e54e6,0,1,2026-01-21T00:53:14.548965Z,8826,INR,CUST75132,ACC706890440,0,1,1298,0,2,2.4.0,0,Telangana,Hyderabad,1,Kotak,3,0,1,2,0,2,8113,0,0.171,0,0,0,0,0
6c6b0a11-85b1-4ca5-9bc4-c03e6b486e4b,1,1,2026-02-01T00:53:14.546467Z,8143,INR,CUST48833,ACC736042868,0,1,811,0,0,2.2.5,1,Telangana,Hyderabad,0,ICICI,1,0,1,2,0,5,22438,0,0.275,0,0,0,0,0
d887121d-b447-438e-af96-cf0a0b38167b,0,1,2026-01-24T00:53:14.548156Z,1227,INR,CUST35177,ACC929243388,0,0,1289,0,2,5.0.1,1,Telangana,Hyderabad,0,ICICI,0,0,1,0,0,3,450,0,0.17,0,0,0,0,0
9b88b8dd-cb20-41d9-abd8-70e001f48542,1,1,2026-01-05T00:53:14.547943Z,951,INR,CUST16746,ACC361684501,1,0,889,1,1,1.6.4,0,Telangana,Hyderabad,0,BOB,6,1,0,1,0,1,19017,0,0.262,0,0,0,0,0
7cca007b-46a8-4575-a0e6-164087c31b13,1,1,2026-01-14T00:53:14.550657Z,4001,INR,CUST83413,ACC712103237,1,1,1618,1,1,3.1.8,0,Telangana,Hyderabad,1,BOB,2,1,0,1,1,2,21305,0,0.025,0,0,0,0,0
bac889ae-11df-4f7b-98d4-6cde2dd4698d,1,1,2026-01-29T00:53:14.546893Z,9778,INR,CUST30580,ACC968788530,0,1,646,0,0,3.8.7,0,Gujarat,Surat,1,IDBI,5,1,0,1,0,5,18872,0,0.095,0,0,0,0,0
ec745bd8-0e04-4662-812d-ce734730a348,1,1,2026-01-04T00:53:14.547513Z,11597,INR,CUST87604,ACC162469528,0,0,1757,1,2,1.4.8,0,Delhi,Delhi,1,HDFC,2,0,1,2,1,5,3567,0,0.219,0,0,0,0,0
52533fa9-30f8-49a7-af11-28fe933c0236,0,1,2026-01-12T00:53:14.548506Z,9406,INR,CUST30831,ACC407489297,1,1,264,1,0,4.5.8,0,Karnataka,Bangalore,0,SBI,0,0,0,1,0,3,13861,0,0.269,0,0,0,0,0
5bd0622c-2f87-4c5c-adc2-0cfb0625e1d5,0,1,2026-01-24T00:53:14.547550Z,4843,INR,CUST85087,ACC406297911,1,0,943,0,2,3.1.5,0,Delhi,Delhi,0,Union,5,0,0,0,1,2,13651,0,0.168,0,0,0,0,0
c0a3fbe4-c869-43f5-b0f8-c48b39ece3ff,1,1,2026-01-06T00:53:14.548023Z,3172,INR,CUST41283,ACC279060477,1,0,323,0,0,1.5.6,0,Telangana,Hyderabad,1,Canara,6,1,0,0,0,0,25582,0,0.277,0,0,0,0,0
78eedaeb-a9e6-4512-8a62-275d7c68a2f6,0,1,2026-01-15T00:53:14.547359Z,200,INR,CUST41855,ACC966871797,1,0,1168,0,1,4.0.6,0,Rajasthan,Jaipur,1,PNB,7,0,1,2,1,3,382,0,0.076,0,0,0,0,0
920e68ef-96b1-4135-a5a3-2cff29ef921e,1,1,2026-01-27T00:53:14.548678Z,14721,INR,CUST53907,ACC779712857,0,0,992,0,0,3.2.2,0,Tamil Nadu,Chennai,1,ICICI,2,0,1,1,1,0,20699,0,0.226,0,0,0,0,0
6a3eb733-bc11-45cc-9353-73e2032a45a3,1,1,2026-01-29T00:53:14.550016Z,4640,INR,CUST86277,ACC666893941,0,0,40,1,0,2.1.8,0,Uttar Pradesh,Kanpur,0,Canara,7,0,2,0,1,5,9807,0,0.274,0,0,0,0,0
a6fb6587-444a-4b09-b6b1-6c70bae90ccb,0,1,2026-01-27T00:53:14.545917Z,2721,INR,CUST50521,ACC412526120,1,1,80,0,2,3.8.7,0,Maharashtra,Pune,1,Canara,4,0,2,2,0,0,504,0,0.144,0,0,0,0,0
6f17cf68-00be-46f8-bfa2-a7f595e0f5ca,0,1,2026-02-03T00:53:14.548906Z,3457,INR,CUST19192,ACC959991034,0,1,1940,0,1,2.0.6,1,Maharashtra,Pune,0,Union,1,1,1,0,0,4,27912,0,0.208,0,0,0,0,0
0d58d0c1-f666-4beb-be30-ebbef9606d33,1,1,2026-01-22T00:53:14.551083Z,103915,INR,CUST48877,ACC932928832,0,0,187,1,2,1.6.2,1,Gujarat,Surat,0,HDFC,3,2,1,2,7,24,109056,1,0.903,1,1,0,2,1
ea095f41-0285-4329-bf77-6bb14da45c74,0,1,2026-01-10T00:53:14.549590Z,11237,INR,CUST45014,ACC410907011,1,1,1640,0,2,1.5.3,1,Maharashtra,Mumbai,1,Axis,4,0,2,0,0,3,16915,0,0.259,0,0,0,0,0
c85a1158-d72b-4d44-a7c5-06e0fef4db36,0,1,2026-01-16T00:53:14.548984Z,4395,INR,CUST24338,ACC917786724,0,1,984,1,0,1.8.2,0,Telangana,Hyderabad,1,Canara,6,1,0,1,0,1,9773,0,0.261,0,0,0,0,0
d969002b-7532-4fee-9c56-a121cbbe7d25,0,1,2026-01-10T00:53:14.546213Z,4075,INR,CUST20311,ACC946004464,0,1,1331,0,2,1.5.7,0,Uttar Pradesh,Lucknow,0,HDFC,5,0,1,0,0,0,14665,0,0.138,0,0,0,0,0
90e678a7-d52b-40dd-addb-7856d27064a6,0,1,2026-01-26T00:53:14.549667Z,9621,INR,CUST92260,ACC254095459,1,0,1863,0,1,2.0.9,0,Maharashtra,Mumbai,1,Union,7,0,0,2,1,4,12422,0,0.086,0,0,0,0,0
6c6e24af-03e8-4093-b8e5-f2e074fe9bee,0,1,2026-01-19T00:53:14.549086Z,2757,INR,CUST85690,ACC372648084,0,1,1576,0,0,1.4.7,0,Tamil Nadu,Chennai,0,Union,5,0,2,0,0,2,17540,0,0.145,0,0,0,0,0
cfa0016f-c7be-4259-8cfe-0d88b6311a53,1,1,2026-01-11T00:53:14.550896Z,1458,INR,CUST92203,ACC401834109,1,1,385,0,2,5.7.9,0,Maharashtra,Pune,0,HDFC,6,0,1,2,1,3,4905,0,0.044,0,0,0,0,0
6ae87dbb-01fa-4a94-a761-29850d0be4fb,0,1,2026-01-06T00:53:14.548798Z,646,INR,CUST48387,ACC669232266,1,1,1352,1,0,4.0.9,0,Rajasthan,Jaipur,1,IDBI,6,0,0,1,1,0,13311,0,0.085,0,0,0,0,0
18e062cc-a01c-4940-9c01-5b7756b55ad1,0,1,2026-01-17T00:53:14.550213Z,14362,INR,CUST33083,ACC726767645,1,0,1145,1,1,4.9.2,0,Uttar Pradesh,Kanpur,1,Union,3,0,0,0,1,0,28202,0,0.05,0,0,0,0,0
03d6fd5f-45a7-4d0a-b870-7ea2e03795e1,0,1,2026-01-17T00:53:14.550915Z,13892,INR,CUST78230,ACC668818343,0,0,1834,1,0,5.4.2,1,Gujarat,Ahmedabad,1,ICICI,4,0,2,2,0,0,22741,0,0.316,0,0,0,0,0
44a46362-cd68-4e38-b583-e9dff511f647,1,1,2026-01-08T00:53:14.548847Z,363,INR,CUST89585,ACC240218546,1,1,829,0,0,3.2.5,1,Rajasthan,Jaipur,1,BOB,1,0,1,1,2,0,22313,0,0.099,0,0,0,0,0
84e1523c-8120-42b6-ad7b-3474897509ef,0,1,2026-01-19T00:53:14.551254Z,121304,INR,CUST38054,ACC702144854,0,1,61,0,2,2.7.3,1,Telangana,Hyderabad,0,Kotak,4,1,2,0,15,19,344424,1,0.773,0,0,1,2,1
da811d56-2fe2-4579-a35c-a000da9a0fb8,1,1,2026-01-28T00:53:14.547203Z,1025,INR,CUST11649,ACC838059765,0,0,150,0,1,5.3.5,0,Telangana,Hyderabad,1,Canara,7,0,1,1,1,5,10513,0,0.327,0,0,0,0,0
2002769e-bc3e-4d95-93f5-72cd64d7b218,1,1,2026-01-31T00:53:14.551361Z,101573,INR,CUST71386,ACC278635325,1,1,47,0,2,3.8.6,2,Karnataka,Bangalore,0,SBI,3,1,0,0,9,31,122410,1,0.846,1,1,1,1,1
7a1787aa-2cd5-48da-bcd2-f02177567744,1,1,2026-01-09T00:53:14.547185Z,1873,INR,CUST20162,ACC238440590,1,1,1949,0,1,3.4.5,1,Rajasthan,Jaipur,0,PNB,0,0,2,2,2,4,22986,0,0.222,0,0,0,0,0
1001e76e-c406-4456-b885-f4355c1725b6,0,1,2026-01-04T00:53:14.546446Z,2873,INR,CUST38682,ACC935222286,0,0,76,1,0,3.8.6,0,Uttar Pradesh,Lucknow,0,Union,4,0,1,1,1,2,21617,0,0.098,0,0,0,0,0
680803f4-64a9-4514-9219-5c73bab1ac38,1,1,2026-01-07T00:53:14.549648Z,6205,INR,CUST80207,ACC738852696,0,0,1897,1,2,3.3.1,0,Uttar Pradesh,Lucknow,1,IDBI,1,0,2,0,1,1,28099,0,0.183,0,0,0,0,0
4d43e0b0-82bd-4f2c-9595-bfa843d6de4f,0,1,2026-01-12T00:53:14.551935Z,197831,INR,CUST13528,ACC414096136,1,0,28,1,1,2.1.2,1,Karnataka,Bangalore,1,BOB,1,1,1,2,8,17,131828,1,0.88,0,0,0,1,1
8b5559a9-b618-4c3c-acc6-3c23f3ae2649,0,1,2026-01-31T00:53:14.548945Z,11991,INR,CUST18864,ACC125848651,0,0,1618,1,0,2.6.5,0,West Bengal,Kolkata,0,Kotak,4,0,1,1,0,3,21383,0,0.06,0,0,0,0,0
3b84767b-51e6-4032-bbf9-cafce8bfa529,0,1,2026-01-07T00:53:14.550753Z,8345,INR,CUST99922,ACC416609151,1,1,1403,0,1,2.4.0,0,Uttar Pradesh,Lucknow,0,HDFC,0,0,2,2,2,1,20049,0,0.213,0,0,0,0,0
2ee36553-4d43-4827-b2dc-0f60a68f1b08,0,1,2026-01-05T00:53:14.550733Z,1429,INR,CUST84946,ACC320587151,0,1,219,1,1,4.4.5,0,Uttar Pradesh,Lucknow,1,HDFC,2,1,1,0,1,3,2833,0,0.08,0,0,0,0,0
d3598f69-c27b-4465-ad60-8b5d26ed0e29,0,1,2026-01-25T00:53:14.550424Z,10269,INR,CUST27333,ACC951469716,1,1,364,1,1,4.9.9,0,Karnataka,Bangalore,1,IDBI,6,0,1,2,1,5,8512,0,0.01,0,0,0,0,0
fd3eb30c-64c9-498d-b6e6-31d30dbe9347,1,1,2026-02-03T00:53:14.546816Z,6272,INR,CUST64747,ACC438562195,0,1,1043,1,2,3.4.9,1,Delhi,Delhi,1,SBI,7,0,0,0,0,0,17945,0,0.148,0,0,0,0,0
ae0f68bb-ccb9-49ff-b5dc-9e9ac1855c0f,1,1,2026-01-04T00:53:14.547579Z,14299,INR,CUST15971,ACC858778856,1,1,1396,1,0,1.5.6,0,Maharashtra,Mumbai,0,BOB,7,0,1,2,1,3,15994,0,0.061,0,0,0,0,0
ccdc23ab-e0b9-42d8-a711-ac58f89171c5,0,1,2026-01-31T00:53:14.551317Z,107979,INR,CUST79710,ACC420010684,0,0,420,0,2,4.3.8,1,Tamil Nadu,Chennai,1,Union,4,1,1,0,12,31,202505,1,0.896,1,1,0,1,1
03869208-61b7-4ac7-8a7f-6a45d588a210,0,1,2026-01-29T00:53:14.550854Z,14529,INR,CUST25415,ACC256884574,1,1,458,1,2,4.2.8,0,Karnataka,Bangalore,0,BOB,6,0,1,2,2,2,11547,0,0.072,0,0,0,0,0
2dda3654-d98b-471e-b5f6-1b000b080ab6,1,1,2026-01-28T00:53:14.550157Z,9364,INR,CUST42628,ACC743846461,0,0,994,0,1,4.9.6,0,Gujarat,Ahmedabad,0,BOB,0,0,1,1,1,5,21654,0,0.122,0,0,0,0,0
879ab174-f326-415c-acb5-35ad631cf851,1,1,2026-01-04T00:53:14.545990Z,9841,INR,CUST88439,ACC946196937,0,1,1399,1,1,1.8.8,1,Tamil Nadu,Chennai,1,Axis,2,0,2,1,1,5,6824,0,0.296,0,0,0,0,0
5aceeb2b-09ed-4ba3-bdda-d6d4c96938a2,0,1,2026-02-02T00:53:14.549919Z,3531,INR,CUST44814,ACC310553553,1,0,693,0,1,1.7.2,0,Maharashtra,Pune,0,Axis,3,0,0,1,0,3,29011,0,0.198,0,0,0,0,0
77c7d6dc-2638-45ff-aa18-ee1c1d527211,1,1,2026-01-14T00:53:14.546155Z,3058,INR,CUST36875,ACC637430897,0,1,919,0,0,2.5.4,0,Delhi,Delhi,0,Union,5,0,2,1,1,2,10281,0,0.237,0,0,0,0,0
9fa58cd1-62df-4ed9-9185-85cea9c7425d,1,1,2026-01-14T00:53:14.549938Z,8064,INR,CUST62002,ACC754839913,1,0,127,0,0,2.0.9,0,Maharashtra,Pune,0,PNB,3,0,1,2,1,1,2492,0,0.292,0,0,0,0,0
a5e939bc-b0f1-4599-a68d-4e2d99db71a2,0,1,2026-01-17T00:53:14.551193Z,165129,INR,CUST42764,ACC228456913,0,0,191,1,2,4.1.3,1,West Bengal,Kolkata,0,IDBI,2,2,2,2,5,38,390851,1,0.879,1,1,1,1,1
b45a0171-3830-464c-9a47-45823de8571e,1,1,2026-01-16T00:53:14.549044Z,11891,INR,CUST48320,ACC291282754,1,0,948,1,1,4.7.4,1,Uttar Pradesh,Lucknow,1,HDFC,3,0,2,2,2,4,11471,0,0.012,0,0,0,0,0
7971e9ab-200c-4000-a1f9-9ba99c6388bc,1,1,2026-01-07T00:53:14.549609Z,9320,INR,CUST26299,ACC707077419,0,0,1329,1,1,2.0.3,1,Uttar Pradesh,Kanpur,1,Union,3,0,1,1,1,2,6152,0,0.049,0,0,0,0,0
947413ca-c353-4de2-98fb-8c41fb872241,1,1,2026-01-21T00:53:14.547243Z,11922,INR,CUST26118,ACC744565992,1,1,265,1,0,1.4.0,0,Telangana,Hyderabad,1,ICICI,7,0,2,2,1,2,6618,0,0.13,0,0,0,0,0
f5fc76eb-9305-429b-9122-d973753db29a,0,1,2026-02-01T00:53:14.546641Z,2761,INR,CUST51690,ACC113664063,1,0,1895,0,2,5.4.4,0,Karnataka,Bangalore,0,IDBI,1,0,2,2,1,3,29312,0,0.178,0,0,0,0,0
12024351-fe9d-431e-abe8-c18868a6457d,1,1,2026-02-03T00:53:14.550388Z,2092,INR,CUST28883,ACC858036567,0,0,1307,0,0,4.2.8,0,West Bengal,Kolkata,0,BOB,2,0,0,0,1,5,10296,0,0.107,0,0,0,0,0
60f01b91-6ed7-4607-b21d-824c8f01a755,1,1,2026-01-29T00:53:14.546351Z,9634,INR,CUST24770,ACC646572199,1,1,1072,0,0,1.8.8,0,Delhi,Delhi,0,Axis,0,0,0,0,2,1,24528,0,0.209,0,0,0,0,0
219188ec-ecda-4b14-b6ab-acd6ee7f26f2,0,1,2026-01-27T00:53:14.548697Z,12423,INR,CUST31616,ACC482036291,1,0,1547,1,1,3.0.4,0,Delhi,Delhi,0,IDBI,7,1,0,1,0,0,15964,0,0.036,0,0,0,0,0
82535be3-29a2-46ea-9af8-47fec70ad952,1,1,2026-01-20T00:53:14.550677Z,2072,INR,CUST31238,ACC718657148,1,1,1161,1,1,2.3.4,0,Gujarat,Surat,0,BOB,7,0,1,2,0,2,24024,0,0.001,0,0,0,0,0
8b9d91b7-aa65-4290-a1cd-ba913889ad5d,1,1,2026-01-14T00:53:14.550991Z,14802,INR,CUST54277,ACC383228879,0,0,378,0,0,2.8.9,0,Karnataka,Bangalore,0,Kotak,3,0,0,1,1,1,27644,0,0.16,0,0,0,0,0
40e5fde8-3ec3-46e3-945e-b72aa92278f9,1,1,2026-01-25T00:53:14.549447Z,3746,INR,CUST23811,ACC223883482,0,1,1482,0,1,4.9.0,0,Uttar Pradesh,Kanpur,1,Axis,6,0,2,0,0,3,23263,0,0.26,0,0,0,0,0
f5988b70-ad47-435d-b59c-8eec33fd8d1a,0,1,2026-01-06T00:53:14.548867Z,8968,INR,CUST36813,ACC416925577,1,0,1528,1,0,3.8.0,0,Maharashtra,Mumbai,0,Kotak,2,1,2,0,2,2,2256,0,0.074,0,0,0,0,0
386c00bf-5c59-4a62-a742-c79ca0ae74e8,0,1,2026-01-17T00:53:14.550231Z,6720,INR,CUST48293,ACC785809925,0,0,1272,0,1,3.7.8,0,Rajasthan,Jaipur,1,Canara,7,1,0,0,0,1,3417,0,0.034,0,0,0,0,0
79bb1334-86dc-47eb-896a-906771882531,1,1,2026-01-24T00:53:14.548735Z,4826,INR,CUST31573,ACC869816175,0,1,34,1,2,2.0.0,0,Tamil Nadu,Chennai,0,PNB,2,0,1,2,1,3,20316,0,0.129,0,0,0,0,0
15b55051-8eb2-435d-bcb8-04e22909807f,0,1,2026-01-21T00:53:14.546545Z,4349,INR,CUST72833,ACC426195711,0,0,1533,1,1,4.3.7,0,Uttar Pradesh,Lucknow,1,Union,1,1,2,2,1,4,6230,0,0.09,0,0,0,0,0
a4bba0ef-8aef-4f4a-8524-21d22991b86b,1,1,2026-01-06T00:53:14.548467Z,4659,INR,CUST28819,ACC591924533,0,0,1548,0,1,3.8.1,0,Uttar Pradesh,Lucknow,0,Kotak,6,0,1,2,1,4,1155,0,0.194,0,0,0,0,0
e89e0831-bf2e-4fd4-8577-40ec54ad6ea6,0,1,2026-01-15T00:53:14.548887Z,11181,INR,CUST60932,ACC778928688,0,0,1823,0,0,4.1.3,0,West Bengal,Kolkata,1,HDFC,0,0,1,0,0,0,6027,0,0.159,0,0,0,0,0
3e76a122-9959-4644-8746-5ab62c0e66de,0,1,2026-01-20T00:53:14.549063Z,14278,INR,CUST72231,ACC250896937,0,1,120,0,1,5.5.7,0,Delhi,Delhi,1,IDBI,7,0,1,2,1,2,21523,0,0.337,0,0,0,0,0
4a133b25-8d2a-46fc-830f-1314fc2ce315,0,1,2026-01-30T00:53:14.546990Z,12500,INR,CUST12379,ACC672135004,0,1,1277,0,1,4.0.1,0,Tamil Nadu,Chennai,1,SBI,1,1,2,2,0,1,14467,0,0.191,0,0,0,0,0
a6614e60-08a7-47bd-9831-22b4e5df0e53,1,1,2026-02-01T00:53:14.551545Z,66088,INR,CUST11320,ACC273894074,0,0,324,0,2,4.4.9,1,Maharashtra,Mumbai,1,SBI,1,1,1,2,5,44,143697,1,0.681,0,0,1,2,1
3a616e38-bbc1-42f5-bf88-16a62331ef0b,0,1,2026-02-02T00:53:14.546856Z,2019,INR,CUST50364,ACC739933772,1,0,401,0,2,4.9.6,0,Delhi,Delhi,0,Canara,1,0,2,1,2,3,9431,0,0.322,0,0,0,0,0
9f933d50-74af-448c-9df4-79158ff30dc2,1,1,2026-01-27T00:53:14.548371Z,8892,INR,CUST41196,ACC419330197,0,0,1998,1,1,5.7.8,0,Maharashtra,Mumbai,1,Kotak,3,1,0,1,0,1,12189,0,0.213,0,0,0,0,0
a7bfd5da-680f-4c4f-87aa-649b0e2fdeb6,0,1,2026-01-04T00:53:14.550790Z,147,INR,CUST44909,ACC358092388,0,1,1439,0,2,1.8.9,0,Gujarat,Surat,0,IDBI,4,0,1,0,0,2,4853,0,0.126,0,0,0,0,0
8b69bd16-3862-4f6c-9070-3fc279bbaa5c,1,1,2026-02-03T00:53:14.549878Z,2207,INR,CUST32723,ACC471614648,0,0,1834,1,1,4.0.9,0,West Bengal,Kolkata,0,ICICI,1,0,2,1,2,2,22833,0,0.302,0,0,0,0,0
dcfc5f2d-efd7-4cb1-8398-f73e23943087,0,1,2026-01-22T00:53:14.549125Z,13247,INR,CUST54037,ACC789813710,0,0,1684,1,2,5.4.7,0,Maharashtra,Pune,1,Kotak,6,0,2,0,1,5,8373,0,0.206,0,0,0,0,0
64e7f80a-11a2-4172-9cec-cf8a50d5c2a8,0,1,2026-01-20T00:53:14.549705Z,13178,INR,CUST94744,ACC351459028,0,0,1338,1,2,3.6.5,0,Telangana,Hyderabad,0,Canara,2,0,2,0,1,1,18013,0,0.086,0,0,0,0,0
324a364e-12a4-4066-ba55-59549f4a580e,1,1,2026-01-14T00:53:14.547827Z,8662,INR,CUST62474,ACC971371570,0,1,1148,1,1,4.3.9,1,Telangana,Hyderabad,1,SBI,1,0,1,0,2,5,8900,0,0.018,0,0,0,0,0
fa6e49a6-1855-49e7-9a52-ea4a2cb9b955,0,1,2026-01-07T00:53:14.551895Z,92846,INR,CUST44010,ACC932227600,0,1,382,1,1,1.5.0,2,Telangana,Hyderabad,0,Union,2,2,1,1,5,18,249521,1,0.753,0,1,0,2,1
8d428b6c-86c8-4daa-858d-23ffe231cf97,1,1,2026-01-18T00:53:14.549181Z,5116,INR,CUST25460,ACC691338593,0,1,1343,1,0,5.0.7,1,Uttar Pradesh,Lucknow,1,ICICI,6,0,2,0,2,5,24320,0,0.066,0,0,0,0,0
dac606af-5d70-411e-8033-dae58b0b19c5,1,1,2026-01-30T00:53:14.547675Z,4545,INR,CUST30537,ACC541672226,1,1,480,1,2,5.1.7,0,Telangana,Hyderabad,1,Axis,2,0,0,0,0,5,23915,0,0.0,0,0,0,0,0
3f62f20d-30fd-45d9-bec9-33121fead587,1,1,2026-01-07T00:53:14.551566Z,125895,INR,CUST60523,ACC200117971,0,0,34,1,2,1.7.6,2,Gujarat,Surat,0,IDBI,1,2,0,1,15,32,299709,1,0.8,1,0,0,1,1
7a1f6cd2-197f-4995-ae30-5f795291a997,0,1,2026-01-18T00:53:14.548080Z,8460,INR,CUST95149,ACC127225160,1,0,1434,0,1,4.3.1,1,Gujarat,Ahmedabad,1,Axis,2,0,2,0,0,1,1470,0,0.214,0,0,0,0,0
db0fde6d-956e-4a5d-bc55-fe61701e6b45,0,1,2026-01-23T00:53:14.549023Z,8332,INR,CUST15830,ACC428198461,1,1,981,0,2,5.0.5,0,Tamil Nadu,Chennai,0,SBI,5,0,0,0,2,2,3093,0,0.154,0,0,0,0,0
188288e7-a3b7-4f1d-89e8-4d92b0a8396e,1,1,2026-01-14T00:53:14.547338Z,11967,INR,CUST79370,ACC448215829,1,0,428,0,1,5.8.4,1,Delhi,Delhi,0,Kotak,1,0,1,0,0,1,16555,0,0.014,0,0,0,0,0
57ff7fa4-6e3b-4e16-bed3-2e4342598f98,1,1,2026-01-29T00:53:14.550310Z,13696,INR,CUST86855,ACC246035272,0,1,1373,0,0,1.4.5,0,Maharashtra,Pune,0,BOB,2,1,2,2,2,1,4147,0,0.06,0,0,0,0,0
3f971628-076c-4ef7-957f-762f9f60e9a8,1,1,2026-01-04T00:53:14.549802Z,4210,INR,CUST78977,ACC606049283,0,1,1355,1,2,3.5.7,0,Delhi,Delhi,0,HDFC,3,0,1,2,0,0,22767,0,0.112,0,0,0,0,0
fab07eac-c3ff-4009-a89d-f91dcb350213,0,1,2026-01-27T00:53:14.547455Z,7521,INR,CUST32483,ACC983961848,0,1,1851,0,0,5.4.4,0,Telangana,Hyderabad,0,PNB,4,1,0,2,0,0,8452,0,0.048,0,0,0,0,0
f8640233-797a-4a0e-a4d0-eec9311e40f9,1,1,2026-01-19T00:53:14.546332Z,13100,INR,CUST72450,ACC757688465,0,0,1605,1,2,4.9.5,0,Rajasthan,Jaipur,0,SBI,7,0,2,1,1,4,1707,0,0.113,0,0,0,0,0
fe7847c2-7621-4f3b-9062-51c8f746ab6b,0,1,2026-01-27T00:53:14.546697Z,6622,INR,CUST98379,ACC643088677,1,1,226,0,2,2.4.3,1,Delhi,Delhi,0,ICICI,7,0,2,0,1,5,1279,0,0.085,0,0,0,0,0
69f97b69-6bb1-480c-8d92-c249ed8450f6,0,1,2026-01-09T00:53:14.549219Z,11864,INR,CUST23193,ACC273386948,0,0,692,0,0,2.6.9,1,West Bengal,Kolkata,1,IDBI,3,0,1,0,1,4,19536,0,0.124,0,0,0,0,0
8e6b323d-d669-4260-9ab9-6b2fc2828eb4,1,1,2026-02-03T00:53:14.551107Z,111346,INR,CUST66292,ACC677174567,1,0,234,1,1,1.6.3,1,Uttar Pradesh,Kanpur,1,HDFC,0,1,0,2,8,19,292245,1,0.822,1,0,1,2,1
c1af57ed-5c5e-4856-9f52-f32955c8a785,0,1,2026-02-01T00:53:14.546370Z,7122,INR,CUST94773,ACC496332452,1,1,1608,1,2,5.1.0,0,Rajasthan,Jaipur,0,BOB,1,0,1,2,0,1,23613,0,0.282,0,0,0,0,0
77f7b413-b255-4925-9afa-d2daf11aa619,1,1,2026-01-13T00:53:14.548295Z,5036,INR,CUST58975,ACC527509936,1,0,1655,1,2,3.6.1,0,Uttar Pradesh,Kanpur,1,BOB,1,1,0,1,0,3,21651,0,0.184,0,0,0,0,0
8d3188bc-f924-4d72-82a3-5fadf52c6b96,0,1,2026-02-03T00:53:14.551234Z,105924,INR,CUST97960,ACC823180600,0,1,420,0,2,4.1.9,1,Rajasthan,Jaipur,1,Union,7,1,2,2,5,32,408255,1,0.986,1,0,1,2,1
0e939f12-aee4-46c3-9bef-b5ea1a1a3cd5,0,1,2026-01-18T00:53:14.549859Z,11944,INR,CUST12253,ACC163615459,1,0,900,1,0,5.8.8,0,West Bengal,Kolkata,1,Axis,3,1,2,0,0,2,4376,0,0.251,0,0,0,0,0
fd2c5c5e-b94b-4682-9f1e-bc3d221077c5,1,1,2026-01-31T00:53:14.549543Z,782,INR,CUST21869,ACC125588486,1,1,1823,0,0,1.1.2,0,Uttar Pradesh,Lucknow,1,IDBI,4,0,2,0,1,4,15474,0,0.131,0,0,0,0,0
fce603f3-dc22-4207-9a98-f1ba5f3dbf8b,1,1,2026-01-12T00:53:14.547532Z,7980,INR,CUST74319,ACC965613059,0,0,106,0,0,2.5.0,0,West Bengal,Kolkata,0,Union,3,0,2,2,1,1,5766,0,0.336,0,0,0,0,0
